{
  "title": "Grundämnen.se",
  "meta_author": "Joar Classon, Gustav Ekner och Alicia Palmér",
  "meta_description": "Här kan du se och läsa om alla grundämnen på ett nytt och spännande sätt.",
  "meta_keywords": "grundämnen, atom, atomer, grundämne, webbstjärnan, .se, iis, grundämnen.se, grundamnen.ejn.nu, kunskap, veta, lära, verktyg, information, data, wiki, fakta, hjälpmedel, proton, elektron, neutron, elektronskal, atomkärna, joarc, gustavwiz, github",
  "meta_robots": "index,nofollow",
  "twitter_description": "Lär dig allt om grundämnena på Grundämnen.se!"
}
